{
  "shape": [
    4,
    4
  ],
  "real": [
    [
      0.7071067812,
      0.7071067812,
      0.0,
      0.0
    ],
    [
      0.0,
      0.0,
      0.7071067812,
      -0.7071067812
    ],
    [
      0.0,
      0.0,
      0.7071067812,
      0.7071067812
    ],
    [
      0.7071067812,
      -0.7071067812,
      0.0,
      0.0
    ]
  ],
  "imag": [
    [
      0.0,
      0.0,
      0.0,
      0.0
    ],
    [
      0.0,
      0.0,
      0.0,
      0.0
    ],
    [
      0.0,
      0.0,
      0.0,
      0.0
    ],
    [
      0.0,
      0.0,
      0.0,
      0.0
    ]
  ]
}